I,N, 1,2.287583,48.862081,Cafe de l'homme Trocadero,75
I,N, 2,2.287036,48.863697,Cafe le Malakoff,75
I,N, 3,2.285641,48.863930,Schwartz's,75
I,N, 4,2.287583,48.864523,Bank Of America,75
I,N, 5,2.291114,48.863842,Chamber of Commerce,100
